concept,definition,labels,subjects,sources
"Conjunto","Un conjunto es una colección de elementos que comparten una característica o propiedad en común","Matemáticas Discretas, Conjuntos","Metodos Matemáticos I","example.com"
"Nomenclatura","La nomenclatura es el sistema de reglas y convenciones utilizadas para nombrar elementos, objetos o conceptos","Matemáticas Discretas","Metodos Matemáticos I","example.com"
"Cardinalidad","La cardinalidad de un conjunto es el número de elementos que contiene","Matemáticas Discretas","Metodos Matemáticos I","example.com"
"Conjunto Finito","Un conjunto finito es aquel que contiene una cantidad determinada y contable de elementos","Matemáticas Discretas, Conjuntos","Metodos Matemáticos I","example.com"
"Conjunto infinito","Un conjunto infinito es aquel que contiene una cantidad no contable de elementos","Matemáticas Discretas, Conjuntos","Metodos Matemáticos I","example.com"
"Conjunto Vacio","El conjunto vacío es aquel que no contiene elementos","Matemáticas Discretas, Conjuntos","Metodos Matemáticos I","example.com"
"Conjunto Universal","Es el conjunto que contiene a todos los elementos de estudio en un contexto dado","Matemáticas Discretas, Conjuntos","Metodos Matemáticos I","example.com"
"Subconjunto","Un conjunto A es un subconjunto de otro conjunto B si todos los elementos de A también pertenecen a B","Matemáticas Discretas, Conjuntos","Metodos Matemáticos I","example.com"
"Conjunto Potencia","Es el conjunto que contiene todos los subconjuntos posibles de un conjunto dado","Matemáticas Discretas, Conjuntos","Metodos Matemáticos I","example.com"
"Unión","La unión de dos conjuntos A y B es el conjunto que contiene todos los elementos que pertenecen a A o a B","Matemáticas Discretas, Conjuntos","Metodos Matemáticos I","example.com"
"Intersección","La intersección de dos conjuntos A y B es el conjunto que contiene todos los elementos que pertenecen tanto a A como a B","Matemáticas Discretas, Conjuntos","Metodos Matemáticos I","example.com"
"Producto Cruz","Es una operación entre dos vectores que resulta en un nuevo vector perpendicular a ambos vectores originales","Matemáticas Discretas, Conjuntos","Metodos Matemáticos I","example.com"
"Diferencia","La diferencia entre dos conjuntos A y B es el conjunto que contiene todos los elementos que pertenecen a A pero no a B","Matemáticas Discretas, Conjuntos","Metodos Matemáticos I","example.com"
"Complemento","El complemento de un conjunto A con respecto a un conjunto universal U es el conjunto que contiene todos los elementos de U que no pertenecen a A","Matemáticas Discretas, Conjuntos","Metodos Matemáticos I","example.com"
"Lógica","La lógica es una disciplina que estudia el razonamiento válido y correcto","Matemáticas Discretas, Lógica Matemática","Metodos Matemáticos I","example.com"
"Conectivos Lógicos","Son símbolos o palabras utilizadas para construir expresiones lógicas más complejas","Lógica Matemática","Metodos Matemáticos I","example.com"
"Conectivos monádicos","Son conectivos lógicos que operan sobre una única proposición","Lógica Matemática","Metodos Matemáticos I","example.com"
"conectivos diádicos","Son conectivos lógicos que operan sobre dos proposiciones","Lógica Matemática","Metodos Matemáticos I","example.com"
"conectivos conmutativos","Son conectivos lógicos cuyo resultado no depende del orden de las proposiciones","Lógica Matemática","Metodos Matemáticos I","example.com"
"conectivos no conmutativos","Son conectivos lógicos cuyo resultado sí depende del orden de las proposiciones","Lógica Matemática","Metodos Matemáticos I","example.com"
"Tabla de verdad","Es una representación tabular que muestra todas las combinaciones posibles de verdad para proposiciones en un argumento o expresión lógica. Se utiliza para determinar la validez de un razonamiento o la consistencia de una declaración","Lógica Matemática","Metodos Matemáticos I","example.com"
"Lórigca proposicional","Es un lenguaje formal que estudia las proposiciones y cómo se combinan a través de conectores lógicos como AND (y), OR (o), NOT (no), etc. para formar argumentos complejos","Lógica Matemática","Metodos Matemáticos I","example.com"
"Lenguaje natural","Es el lenguaje que usamos comúnmente para comunicarnos en el día a día, como el español, inglés, etc","Lógica Matemática","Metodos Matemáticos I","example.com"
"Proposiciones singulares","Son declaraciones que se refieren a un hecho específico y particular. Por ejemplo, Hoy es lunes","Lógica Matemática","Metodos Matemáticos I","example.com"
"Proposiciones existenciales","Son proposiciones que afirman la existencia de al menos un elemento que satisface una cierta condición. Por ejemplo, Existen unicornios en el bosque encantado","Lógica Matemática","Metodos Matemáticos I","example.com"
"proposiciones universales","Son proposiciones que afirman que algo es cierto para todos los casos. Por ejemplo, Todos los pájaros tienen alas","Lógica Matemática","Metodos Matemáticos I","example.com"
"Tautología","Es una proposición que es siempre verdadera, sin importar los valores de verdad de sus componentes. Por ejemplo, o es verdadero OR no es verdadero","Lógica Matemática","Metodos Matemáticos I","example.com"
"Contingencia","Es una proposición que puede ser verdadera o falsa dependiendo de los valores de verdad de sus componentes. Por ejemplo, Hoy es un día caluroso (puede ser verdadero o falso dependiendo del clima)","Lógica Matemática","Metodos Matemáticos I","example.com"
"Contradicción","Es una proposición que es siempre falsa, sin importar los valores de verdad de sus componentes. Por ejemplo, El círculo es cuadrado","Lógica Matemática","Metodos Matemáticos I","example.com"
"Deducción formal","Es un proceso en el que se derivan conclusiones a partir de premisas utilizando reglas lógicas","Lógica Matemática","Metodos Matemáticos I","example.com"
"Inferencia","Es el proceso de llegar a una conclusión basada en la evidencia y el razonamiento lógico","Lógica Matemática","Metodos Matemáticos I","example.com"
"Reglas de implicación","Son reglas que determinan cómo las premisas implican una conclusión. Por ejemplo, la regla de modus ponens: Si A implica B y A es verdadero, entonces B debe ser verdadero","Lógica Matemática","Metodos Matemáticos I","example.com"
"Reglas de reemplazo","Son reglas que permiten reemplazar una proposición por otra equivalente. Por ejemplo, la regla de doble negación: no no p es equivalente a p","Lógica Matemática","Metodos Matemáticos I","example.com"
"Algebra de Boole","Es un sistema matemático que utiliza operaciones lógicas para manipular proposiciones y resolver problemas de lógica","Álgebra de Boole","Metodos Matemáticos I","example.com"
"Función","Es una relación entre dos conjuntos, donde cada elemento del primer conjunto (dominio) se relaciona con exactamente un elemento del segundo conjunto (rango)","Matemáticas","SEMINARIO DE SOLUCION DE PROBLEMAS DE METODOS MATEMATICOS I","example.com"
"Intervalos Abiertos","Son intervalos que no incluyen sus extremos. Por ejemplo, el intervalo (0, 1) representa todos los números reales mayores que 0 y menores que 1","Matemáticas","SEMINARIO DE SOLUCION DE PROBLEMAS DE METODOS MATEMATICOS I","example.com"
"Invervalos cerrados","Son intervalos que incluyen sus extremos. Por ejemplo, el intervalo [0, 1] representa todos los números reales mayores o iguales a 0 y menores o iguales a 1","Matemáticas","SEMINARIO DE SOLUCION DE PROBLEMAS DE METODOS MATEMATICOS I","example.com"
"Desigualdad Matemática","Es una expresión que indica que dos cantidades no son iguales, por ejemplo, x > 3 significa que x es mayor que 3","Matemáticas","SEMINARIO DE SOLUCION DE PROBLEMAS DE METODOS MATEMATICOS I","example.com"
"Dominio","Es el conjunto de todos los valores de entrada válidos para una función","Matemáticas","SEMINARIO DE SOLUCION DE PROBLEMAS DE METODOS MATEMATICOS I","example.com"
"Rango","Es el conjunto de todos los valores de salida que la función puede tomar","Matemáticas","SEMINARIO DE SOLUCION DE PROBLEMAS DE METODOS MATEMATICOS I","example.com"
"Funciones algebraicas","Son funciones que se pueden construir utilizando operaciones algebraicas (suma, resta, multiplicación, división) y funciones algebraicas elementales (como polinomios, raíces, funciones racionales, etc.)","Matemáticas","SEMINARIO DE SOLUCION DE PROBLEMAS DE METODOS MATEMATICOS I","example.com"
"funciones trascendentes","Son funciones que no son algebraicas, como las funciones trigonométricas, exponenciales, logarítmicas, etc","Matemáticas","SEMINARIO DE SOLUCION DE PROBLEMAS DE METODOS MATEMATICOS I","example.com"
"Límite","Es el valor al que se acerca una función a medida que su variable independiente se acerca a un cierto valor","Matemáticas","SEMINARIO DE SOLUCION DE PROBLEMAS DE METODOS MATEMATICOS I","example.com"
"Tabulación","Es el proceso de calcular y organizar los valores de una función para diferentes valores de la variable independiente, generalmente se muestra en una tabla","Matemáticas","SEMINARIO DE SOLUCION DE PROBLEMAS DE METODOS MATEMATICOS I","example.com"
"Limites unilaterales","Son límites que se acercan desde un lado específico de la variable independiente, ya sea el lado izquierdo o el derecho","Matemáticas","SEMINARIO DE SOLUCION DE PROBLEMAS DE METODOS MATEMATICOS I","example.com"
"Límites bilaterales","Son límites que se acercan desde ambos lados de la variable independiente","Matemáticas","SEMINARIO DE SOLUCION DE PROBLEMAS DE METODOS MATEMATICOS I","example.com"
"Límites indeterminados","Son límites que no se pueden determinar directamente, y requieren técnicas adicionales para su evaluación","Matemáticas","SEMINARIO DE SOLUCION DE PROBLEMAS DE METODOS MATEMATICOS I","example.com"
"Límites infinitos","Son límites donde la función se acerca a infinito o menos infinito a medida que la variable independiente crece o disminuye","Matemáticas","SEMINARIO DE SOLUCION DE PROBLEMAS DE METODOS MATEMATICOS I","example.com"
"Límites al infinito","Son límites que involucran la evaluación de una función cuando la variable independiente tiende a infinito o menos infinito","Matemáticas","SEMINARIO DE SOLUCION DE PROBLEMAS DE METODOS MATEMATICOS I","example.com"
"Límites trigonométricos","Son límites que implican funciones trigonométricas y su evaluación cuando la variable tiende a cierto valor","Matemáticas","SEMINARIO DE SOLUCION DE PROBLEMAS DE METODOS MATEMATICOS I","example.com"
"Derivada","Es una medida de la tasa de cambio instantánea de una función en un punto determinado","Cálculo","SEMINARIO DE SOLUCION DE PROBLEMAS DE METODOS MATEMATICOS I","example.com"
"Regla de la cadena","Es una regla para calcular la derivada de la composición de dos o más funciones","Cálculo","SEMINARIO DE SOLUCION DE PROBLEMAS DE METODOS MATEMATICOS I","example.com"
"Derivación implícita","Es un método para encontrar la derivada de una función implícita, donde la variable dependiente no está despejada explícitamente","Cálculo","SEMINARIO DE SOLUCION DE PROBLEMAS DE METODOS MATEMATICOS I","example.com"
"Puntos críticos","Son los puntos donde la derivada de una función es cero o no está definida. Pueden ser máximos, mínimos o puntos de inflexión","Cálculo","SEMINARIO DE SOLUCION DE PROBLEMAS DE METODOS MATEMATICOS I","example.com"
"Extremos relativos","Son los máximos o mínimos locales de una función","Cálculo","SEMINARIO DE SOLUCION DE PROBLEMAS DE METODOS MATEMATICOS I","example.com"
"Intervalos de crecimiento","Son los intervalos en los que una función está creciendo (la derivada es positiva)","Cálculo","SEMINARIO DE SOLUCION DE PROBLEMAS DE METODOS MATEMATICOS I","example.com"
"Intervalos de decrecimiento","Son los intervalos en los que una función está decreciendo (la derivada es negativa)","Cálculo","SEMINARIO DE SOLUCION DE PROBLEMAS DE METODOS MATEMATICOS I","example.com"
"Puntos de inflexión","Son los puntos donde la concavidad de una función cambia","Cálculo","SEMINARIO DE SOLUCION DE PROBLEMAS DE METODOS MATEMATICOS I","example.com"
"Intervalos de concavidad","Son los intervalos en los que una función es cóncava hacia arriba (concavidad positiva) o cóncava hacia abajo (concavidad negativa)","Cálculo","SEMINARIO DE SOLUCION DE PROBLEMAS DE METODOS MATEMATICOS I","example.com"
"Regla de L Hopital","Es una regla para evaluar límites indeterminados que involucran el cociente de funciones con límites que se acercan a cero o infinito","Cálculo","SEMINARIO DE SOLUCION DE PROBLEMAS DE METODOS MATEMATICOS I","example.com"
"Formulas diferenciales","Son ecuaciones que relacionan una función con sus derivadas","Cálculo","SEMINARIO DE SOLUCION DE PROBLEMAS DE METODOS MATEMATICOS I","example.com"
"Antidiferenciales","Son el inverso de la derivación y se utilizan para encontrar primitivas o integrales indefinidas","Cálculo","SEMINARIO DE SOLUCION DE PROBLEMAS DE METODOS MATEMATICOS I","example.com"
"Funciones primitivas","Son las funciones que se obtienen al calcular la antiderivada de una función","Cálculo","SEMINARIO DE SOLUCION DE PROBLEMAS DE METODOS MATEMATICOS I","example.com"
"Integral indefinida","Es la generalización de la antiderivada y se utiliza para encontrar familias de funciones cuyas derivadas son iguales a una función dada","Cálculo","SEMINARIO DE SOLUCION DE PROBLEMAS DE METODOS MATEMATICOS I","example.com"
"Integración por partes","Es una técnica de integración que se basa en la regla del producto","Cálculo","SEMINARIO DE SOLUCION DE PROBLEMAS DE METODOS MATEMATICOS I","example.com"
"Teorema fundamental del cálculo","Establece la relación entre la derivación y la integración y simplifica el cálculo de integrales definidas","Cálculo","SEMINARIO DE SOLUCION DE PROBLEMAS DE METODOS MATEMATICOS I","example.com"
"Producto Cartesiano","Es el conjunto de todos los pares ordenados (x, y) donde x es un elemento del primer conjunto y y es un elemento del segundo conjunto","Matemáticas Discretas, Conjuntos","Matemáticas discretas","example.com"
"Diferencia Simétrica","Es una operación que elimina los elementos comunes entre dos conjuntos y combina los elementos restantes en un solo conjunto","Matemáticas Discretas, Conjuntos","Matemáticas discretas","example.com"
"Composición de relaciones","Es una operación que combina dos relaciones para formar una nueva relación","Matemáticas Discretas, Relaciones y Conjuntos","Matemáticas discretas","example.com"
"Reflexividad","Es una propiedad en una relación donde cada elemento del conjunto se relaciona consigo mismo","Matemáticas Discretas, Relaciones y Conjuntos","Matemáticas discretas","example.com"
"iireflexividad","Es una propiedad en una relación donde ningún elemento del conjunto se relaciona consigo mismo","Matemáticas Discretas, Relaciones y Conjuntos","Matemáticas discretas","example.com"
"Simetría","Una relación es simétrica si, para cada par de elementos (a, b) en la relación, si a está relacionado con b, entonces b también está relacionado con a","Matemáticas Discretas, Relaciones y Conjuntos","Matemáticas discretas","example.com"
"Antisimetría","Una relación es antisimétrica si, para cada par de elementos (a, b) en la relación, si a está relacionado con b y b está relacionado con a, entonces a y b son iguales","Matemáticas Discretas, Relaciones y Conjuntos","Matemáticas discretas","example.com"
"Transitividad","Una relación es transitiva si, para cada par de elementos (a, b) y (b, c) en la relación, si a está relacionado con b y b está relacionado con c, entonces a está relacionado con c","Matemáticas Discretas, Relaciones y Conjuntos","Matemáticas discretas","example.com"
"Extensión transitiva","Dada una relación, su extensión transitiva es la relación transitiva más pequeña que contiene la relación original","Matemáticas Discretas, Relaciones y Conjuntos","Matemáticas discretas","example.com"
"Cerradura transitivia","Es la extensión transitiva de una relación, lo que significa que se agregan todas las relaciones transitivas posibles","Matemáticas Discretas, Relaciones y Conjuntos","Matemáticas discretas","example.com"
"Relaciones de equivalencia","Son relaciones que son reflexivas, simétricas y transitivas. Dividen un conjunto en clases de equivalencia donde los elementos relacionados entre sí pertenecen a la misma clase","Matemáticas Discretas, Relaciones y Conjuntos","Matemáticas discretas","example.com"
"Ordenes Parciales","Son relaciones que son reflexivas, antisimétricas y transitivas. Establecen un orden entre los elementos del conjunto","Matemáticas Discretas, Relaciones y Conjuntos","Matemáticas discretas","example.com"
"Inducción Matemática","Es un método de demostración que se utiliza para probar afirmaciones para todos los números naturales","Matemáticas Discretas","Matemáticas discretas","example.com"
"Numeros Enteros","Son los números que incluyen a los números naturales y sus negativos, junto con el cero","Matemáticas","Matemáticas discretas","example.com"
"Fórmulas inductivas","Son fórmulas que se definen recursivamente usando casos base y reglas de inducción","Matemáticas Discretas","Matemáticas discretas","example.com"
"Generalización (Matemáticas Discretas, Inducción)","Consiste en extender una afirmación más allá de un caso específico y hacerla aplicable a una amplia gama de casos","Matemáticas Discretas, Inducción","Matemáticas discretas","example.com"
"Primer principio de la inducción matemática",": Es el caso base de la inducción matemática donde se demuestra que la afirmación es verdadera para el número natural más pequeño (generalmente es 0 o 1)","Matemáticas Discretas, Inducción","Matemáticas discretas","example.com"
"Progresiones aritméticas","Son secuencias de números donde la diferencia entre cualquier par de términos consecutivos es constante","Matemáticas Discretas, Progresiones y Sucesiones","Matemáticas discretas","example.com"
"Progresiones geométricas","Son secuencias de números donde el cociente entre cualquier par de términos consecutivos es constante","Matemáticas Discretas, Progresiones y Sucesiones","Matemáticas discretas","example.com"
"Escalera de Jacob","Es un método para calcular el producto de dos números utilizando sumas y restas repetidas","Matemáticas Discretas, Progresiones y Sucesiones","Matemáticas discretas","example.com"
"Escalera de Oro de Jacob","Es una variante de la Escalera de Jacob que reduce el número de términos necesarios para calcular el producto","Matemáticas Discretas, Progresiones y Sucesiones","Matemáticas discretas","example.com"
"Suceciones de recurrencia","Son secuencias donde cada término depende del término (o varios términos) que lo precede","Matemáticas Discretas, Progresiones y Sucesiones","Matemáticas discretas","example.com"
"Relaciones de recurrencia","Son ecuaciones que definen las sucesiones de recurrencia","Matemáticas Discretas, Progresiones y Sucesiones","Matemáticas discretas","example.com"
"Soluciones homogéneas","Son soluciones de una relación de recurrencia que se igualan a cero","Matemáticas Discretas, Progresiones y Sucesiones","Matemáticas discretas","example.com"
"Soluciones particulares","Son soluciones de una relación de recurrencia que no son soluciones homogéneas","Matemáticas Discretas, Progresiones y Sucesiones","Matemáticas discretas","example.com"
"Soluciones totales","Son combinaciones de soluciones homogéneas y particulares de una relación de recurrencia","Matemáticas Discretas, Progresiones y Sucesiones","Matemáticas discretas","example.com"
"Principios de conteo","Son técnicas utilizadas para contar el número de formas en que se pueden realizar ciertos evento","Matemáticas Discretas, Conteo y Combinatoria","Matemáticas discretas","example.com"
"Listas","Es una técnica de conteo que implica enumerar todas las posibilidades","Estructura de Datos Básicas","Matemáticas discretas","example.com"
"Arboles","Es una técnica de conteo que utiliza diagramas en forma de árbol para visualizar las posibilidades","Estructura de Datos Básicas","Matemáticas discretas","example.com"
"Permutaciones","Son el número de formas en que se pueden organizar objetos en un orden específico","Matemáticas Discretas, Conteo y Combinatoria","Matemáticas discretas","example.com"
"Combinaciones","Son el número de formas en que se pueden seleccionar objetos sin importar el orden","Matemáticas Discretas, Conteo y Combinatoria","Matemáticas discretas","example.com"
"Permutaciones gneralizadas","Son permutaciones con restricciones adicionales, como elementos repetidos","Matemáticas Discretas, Conteo y Combinatoria","Matemáticas discretas","example.com"
"Combinaciones generalizadas","Son combinaciones con restricciones adicionales, como elementos repetidos","Matemáticas Discretas, Conteo y Combinatoria","Matemáticas discretas","example.com"
"Principio de inclusión-exclusión","Es un método para contar la unión de conjuntos cuando se pueden superponer","Matemáticas Discretas, Conteo y Combinatoria","Matemáticas discretas","example.com"
"Principio de Dirichtlet","También conocido como el principio del palomar, establece que si se colocan más objetos en cajas que el número de cajas, entonces al menos una caja tendrá más de un objeto","Matemáticas Discretas, Conteo y Combinatoria","Matemáticas discretas","example.com"
"Identidades básicas","Son expresiones matemáticas que son verdaderas para todos los valores de las variables involucradas","Matemáticas Discretas, Álgebra","Matemáticas discretas","example.com"
"Teorema del binomio","Es una fórmula que permite expandir un binomio elevado a una potencia específica","Matemáticas Discretas, Álgebra","Matemáticas discretas","example.com"
"Triangulo de Pascal","Es una estructura triangular de números que muestra los coeficientes binomiales","Matemáticas Discretas, Álgebra","Matemáticas discretas","example.com"
"Grafos","Son estructuras matemáticas que consisten en vértices (nodos) conectados por aristas (líneas)","Matemáticas Discretas, Grafos y Árboles","Matemáticas discretas","example.com"
"Grafos dirigidos","Son grafos donde las aristas tienen una dirección específica","Matemáticas Discretas, Grafos y Árboles","Matemáticas discretas","example.com"
"Grafos no dirigidos","Son grafos donde las aristas no tienen una dirección específica","Matemáticas Discretas, Grafos y Árboles","Matemáticas discretas","example.com"
"Incidencia","Es una relación entre vértices y aristas que indica qué vértices están conectados por qué aristas","Matemáticas Discretas, Grafos y Árboles","Matemáticas discretas","example.com"
"Adyacencia","Es una relación que indica qué vértices están conectados por una arista","Matemáticas Discretas, Grafos y Árboles","Matemáticas discretas","example.com"
"Valencia","Es el número de aristas incidentes en un vértice","Matemáticas Discretas, Grafos y Árboles","Matemáticas discretas","example.com"
"Multigrafos","Son grafos que permiten múltiples aristas entre el mismo par de vértices o bucles (aristas que conectan un vértice consigo mismo)","Matemáticas Discretas, Grafos y Árboles","Matemáticas discretas","example.com"
"grafos pesados","Son grafos en los que cada arista tiene asociado un peso o valor numérico que representa alguna medida o costo.","Matemáticas Discretas, Grafos y Árboles","Matemáticas discretas","example.com"
"Paseos","Son secuencias de vértices conectados por aristas en un grafo, donde los vértices pueden repetirse en el recorrido","Matemáticas Discretas, Grafos y Árboles","Matemáticas discretas","example.com"
"Circuitos","Son paseos cerrados en un grafo, donde el vértice inicial y final son el mismo","Matemáticas Discretas, Grafos y Árboles","Matemáticas discretas","example.com"
"Paseo de Euler","Es un paseo que visita cada arista de un grafo exactamente una vez","Matemáticas Discretas, Grafos y Árboles","Matemáticas discretas","example.com"
"Circuito de Euler","Es un circuito que visita cada arista de un grafo exactamente una vez, volviendo al vértice inicial","Matemáticas Discretas, Grafos y Árboles","Matemáticas discretas","example.com"
"Paseo de Hamilton","Es un paseo que visita cada vértice de un grafo exactamente una vez","Matemáticas Discretas, Grafos y Árboles","Matemáticas discretas","example.com"
"Circuito de Hamilton","Es un circuito que visita cada vértice de un grafo exactamente una vez, volviendo al vértice inicial","Matemáticas Discretas, Grafos y Árboles","Matemáticas discretas","example.com"
"Matriz de Adyacencia","Es una matriz cuadrada que representa un grafo, donde el valor en la intersección de la fila i y la columna j indica si los vértices i y j están conectados por una arista","Matemáticas Discretas, Grafos y Árboles","Matemáticas discretas","example.com"
"Matriz de Incidencia","Es una matriz que representa un grafo, donde el valor en la intersección de la fila i y la columna j indica la relación entre el vértice i y la arista j","Matemáticas Discretas, Grafos y Árboles","Matemáticas discretas","example.com"
"Isomorfismo de grafos","Dos grafos son isomorfos si pueden reorganizarse de tal manera que ambos sean estructuralmente iguales","Matemáticas Discretas, Grafos y Árboles","Matemáticas discretas","example.com"
"Grafos isomorfos","Dos grafos son isomorfos si tienen la misma estructura, es decir, si se pueden reorganizar sus vértices y aristas de manera que ambos sean idénticos en su forma, aunque los nombres de los vértices y aristas puedan ser diferentes","Matemáticas Discretas, Grafos y Árboles","Matemáticas discretas","example.com"
"Grafos aplanables","Un grafo se considera aplanable si es posible dibujarlo en un plano sin que sus aristas se crucen","Matemáticas Discretas, Grafos y Árboles","Matemáticas discretas","example.com"
"Teorema de Kuratowski","El teorema de Kuratowski establece que un grafo es planar si y solo si no contiene a ninguno de los dos grafos prohibidos: el grafo completo de cinco vértices (K5) y el grafo bipartito completo de seis vértices (K3,3)","Matemáticas Discretas, Grafos y Árboles","Matemáticas discretas","example.com"
"BOSQUE","Es un conjunto de árboles disjuntos, es decir, un conjunto de árboles que no tienen vértices en común","Matemáticas Discretas, Grafos y Árboles","Matemáticas discretas","example.com"
"Nodos Hoja","Son los vértices de un árbol que no tienen hijos, es decir, son vértices con grado 1","Matemáticas Discretas, Grafos y Árboles","Matemáticas discretas","example.com"
"Nodos rama","Son los vértices de un árbol que tienen al menos un hijo, es decir, son vértices con grado mayor que 1","Matemáticas Discretas, Grafos y Árboles","Matemáticas discretas","example.com"
"Arboles enraizados","Son árboles que tienen un nodo designado como la raíz y cada vértice tiene un padre, excepto el nodo raíz","Matemáticas Discretas, Grafos y Árboles","Matemáticas discretas","example.com"
"Arbol dirigido","Es un árbol donde las aristas tienen una dirección específica, es decir, hay un sentido desde el nodo padre hacia el nodo hijo","Matemáticas Discretas, Grafos y Árboles","Matemáticas discretas","example.com"
"Nodos padre","Son los vértices de un árbol dirigido que tienen aristas dirigidas hacia ellos","Matemáticas Discretas, Grafos y Árboles","Matemáticas discretas","example.com"
"Nodos Hijo","Son los vértices de un árbol dirigido que tienen aristas dirigidas desde ellos hacia otros vértices","Matemáticas Discretas, Grafos y Árboles","Matemáticas discretas","example.com"
"Nodos hermano","Son vértices que tienen el mismo padre en un árbol","Matemáticas Discretas, Grafos y Árboles","Matemáticas discretas","example.com"
"Nodos descendiente","Son todos los vértices alcanzables desde un nodo dado en un árbol dirigido, siguiendo las aristas dirigidas","Matemáticas Discretas, Grafos y Árboles","Matemáticas discretas","example.com"
"Nodos ascendete","Son los vértices que tienen una arista dirigida hacia un nodo dado en un árbol dirigido","Matemáticas Discretas, Grafos y Árboles","Matemáticas discretas","example.com"
"Subarbol","Es un árbol que se obtiene tomando un nodo y todos sus descendientes, junto con las aristas que los conectan","Matemáticas Discretas, Grafos y Árboles","Matemáticas discretas","example.com"
"Arbol ordenado","Es un árbol donde se asigna un orden lineal a los hijos de cada nodo","Matemáticas Discretas, Grafos y Árboles","Matemáticas discretas","example.com"
"Arbol ordenado isomorfo","Dos árboles ordenados son isomorfos si tienen la misma estructura de árbol, es decir, si se pueden reorganizar sus nodos de manera que ambos sean idénticos en su forma como árboles ordenados","Matemáticas Discretas, Grafos y Árboles","Matemáticas discretas","example.com"
"Altura de un arbol","Es la longitud del camino más largo desde la raíz hasta una hoja en el árbol. Es decir, el número máximo de aristas que se deben recorrer para llegar desde la raíz hasta un nodo hoja","Matemáticas Discretas, Grafos y Árboles","Matemáticas discretas","example.com"
"Codigo de prefijos","Es un tipo de representación de datos donde ninguna cadena es el prefijo de otra cadena. En el contexto de compresión de datos, los códigos de prefijos son utilizados para representar eficientemente secuencias de caracteres o símbolos con diferentes longitudes de bits","Matemáticas Discretas, Grafos y Árboles","Matemáticas discretas","example.com"
"Arboles de busqueda binaria","Son árboles binarios ordenados que cumplen con la propiedad de búsqueda binaria. En un árbol de búsqueda binaria, para cada nodo, todos los nodos en el subárbol izquierdo tienen valores menores que el nodo actual, y todos los nodos en el subárbol derecho tienen valores mayores","Matemáticas Discretas, Grafos y Árboles","Matemáticas discretas","example.com"
"Arboles generadores","Son árboles que pueden ser generados o construidos mediante algún algoritmo o procedimiento específico. Estos árboles pueden no ser únicos y pueden variar según el método utilizado para su generación","Matemáticas Discretas, Grafos y Árboles","Matemáticas discretas","example.com"
"Conjuntos de corte","En el contexto de grafos, un conjunto de corte es un conjunto de aristas cuya remoción desconecta el grafo en dos o más componentes conexos. Si se corta un vértice en lugar de una arista, también se puede denominar corte","Matemáticas Discretas, Grafos y Árboles","Matemáticas discretas","example.com"
"Arbol generador mínimo","Es un subárbol que conecta todos los vértices de un grafo no dirigido con el menor peso total posible. En otras palabras, es un árbol que cubre todos los vértices del grafo con la menor suma de pesos en sus aristas","Matemáticas Discretas, Grafos y Árboles","Matemáticas discretas","example.com"
"Computación","Se refiere al estudio y desarrollo de algoritmos, programas y sistemas informáticos, así como la teoría y los fundamentos de la información y la computación","Fundamentos de Programación, Arquitectura de Computadoras","Fundamentos Filosóficos de la computación ","example.com"
"Programación","Es el proceso de escribir, diseñar, codificar y mantener programas de computadora para realizar tareas específicas","Fundamentos de Programación, Programación Orientada a Objetos","Fundamentos Filosóficos de la computación ","example.com"
"Lenguaje de programación","Es un conjunto de reglas y sintaxis que permiten a los programadores comunicarse con una computadora y escribir programas para que la máquina los ejecute","Fundamentos de Programación, Programación Orientada a Objetos","Fundamentos Filosóficos de la computación ","example.com"
"Expresiones aritméticas","Son combinaciones de números, operadores aritméticos (suma, resta, multiplicación, división) y paréntesis que representan una operación aritmética","Algebra, Operaciones en Imágenes","Fundamentos Filosóficos de la computación ","example.com"
"Operadores aritméticos","Son símbolos matemáticos que representan operaciones como suma (+), resta (-), multiplicación (*), división (/), entre otros","Algebra","Fundamentos Filosóficos de la computación ","example.com"
"Prioridad de los operadores aritmeticos","Es el orden en el que se evalúan las operaciones en una expresión aritmética. Por ejemplo, la multiplicación y la división tienen una mayor prioridad que la suma y la resta","Algebra","Fundamentos Filosóficos de la computación ","example.com"
"Variables","Son espacios en la memoria donde se almacenan valores que pueden cambiar durante la ejecución de un programa","Fundamentos de Programación, Programación Orientada a Objetos","Fundamentos Filosóficos de la computación ","example.com"
"Tipos de datos","Representan los diferentes tipos de valores que pueden ser almacenados en una variable, como enteros, reales, cadenas, booleanos, etc","Tipos de Datos y Estructura de Datos, Programación Orientada a Objetos","Fundamentos Filosóficos de la computación ","example.com"
"datos enteros","Son valores numéricos sin parte decimal, como -3, 0, 42, etc","Tipos de Datos y Estructura de Datos","Fundamentos Filosóficos de la computación ","example.com"
"datos reales","Son valores numéricos que pueden tener parte decimal, como 3.14, -0.5, 2.718, etc","Tipos de Datos y Estructura de Datos","Fundamentos Filosóficos de la computación ","example.com"
"Cadenas","Son secuencias de caracteres, como Hola, mundo o OpenAI","Tipos de Datos y Estructura de Datos","Fundamentos Filosóficos de la computación ","example.com"
"datos lógicos","Representan valores de verdad y pueden ser verdadero (true) o falso (false)","Tipos de Datos y Estructura de Datos","Fundamentos Filosóficos de la computación ","example.com"
"Sentencias iterativas","Son estructuras de control que permiten repetir un bloque de código varias veces, como los bucles (loops) while y for","Control de Flujo","Fundamentos Filosóficos de la computación ","example.com"
"Sentencias selectivas","Son estructuras de control que permiten tomar decisiones y ejecutar diferentes bloques de código según una condición, como las sentencias if, else, switch, etc","Control de Flujo","Fundamentos Filosóficos de la computación ","example.com"
"Funciones (programación)","Son bloques de código que realizan una tarea específica y pueden ser llamados desde otras partes del programa","Funciones y Modularidad, Programación Orientada a Objetos","Fundamentos Filosóficos de la computación ","example.com"
"Arreglos","Son estructuras de datos que almacenan una colección de elementos del mismo tipo, accesibles mediante un índice o posición","Estructura de Datos Básicas","Fundamentos Filosóficos de la computación ","example.com"
"Diccionarios","En el contexto de la programación, un diccionario es una estructura de datos que almacena elementos en pares clave-valor. Cada clave se mapea a un valor, lo que permite recuperar el valor rápidamente usando la clave","Estructura de Datos Básicas","Fundamentos Filosóficos de la computación ","example.com"
"Arbol","Un árbol es una estructura de datos no lineal compuesta por nodos conectados por aristas o enlaces. Tiene una estructura jerárquica y puede ser utilizado para representar una variedad de problemas","Grafos y Árboles, Arboles y grafos","Inteligencia artificial","example.com"
"Algoritmo genético","Es una técnica de optimización y búsqueda inspirada en el proceso evolutivo de selección natural. Se utiliza para encontrar soluciones aproximadas a problemas de optimización mediante la aplicación de principios evolutivos, como la selección, el cruce y la mutación, en una población de posibles soluciones","Algoritmos de Optimización","Inteligencia artificial","example.com"
"Algoritmo evolutivo","Es una variante de los algoritmos genéticos que también se basa en principios de evolución para resolver problemas de optimización y búsqueda","Algoritmos de Optimización","Inteligencia artificial","example.com"
"Optimización","Es el proceso de encontrar la mejor solución o resultado posible entre muchas alternativas posibles en un problema dado","Algoritmos de Optimización","Inteligencia artificial","example.com"
"Optimización por enjambre de partículas","Es un método de optimización basado en el comportamiento social de los enjambres de partículas. Cada partícula representa una posible solución y busca iterativamente la mejor solución moviéndose en el espacio de búsqueda","Algoritmos de Optimización","Inteligencia artificial","example.com"
"Optimización por evolución diferencial","Es un algoritmo de optimización basado en la evolución diferencial, que utiliza operadores de cruza y mutación para mejorar la calidad de las soluciones a lo largo de las iteraciones","Algoritmos de Optimización","Inteligencia artificial","example.com"
"Optimización por sistemas inmunes artificiales","Es una técnica de optimización inspirada en el sistema inmunitario humano, donde se utilizan conceptos de reconocimiento y respuesta inmunitaria para resolver problemas","Algoritmos de Optimización","Inteligencia artificial","example.com"
"Optimización por Colonia de abejas","Es un método de optimización que se basa en el comportamiento de las colonias de abejas para encontrar soluciones óptimas en un espacio de búsqueda","Algoritmos de Optimización","Inteligencia artificial","example.com"
"Optimización por forrajeo de bacterias","Es un enfoque de optimización que se inspira en el comportamiento de forrajeo de las bacterias para encontrar soluciones óptimas en un espacio de búsqueda","Algoritmos de Optimización","Inteligencia artificial","example.com"
"Optimización por banco de peces","Es un algoritmo de optimización basado en el comportamiento de los peces que buscan alimentos y se agrupan en bancos para aumentar su eficiencia","Algoritmos de Optimización","Inteligencia artificial","example.com"
"Búsqueda tabú","Es una técnica de búsqueda que permite explorar soluciones cercanas a una solución actual, incluso si no son óptimas, con el objetivo de escapar de óptimos locales y encontrar soluciones mejores","Algoritmos de Optimización","Inteligencia artificial","example.com"
"Pruebas paramétricas","Son pruebas estadísticas que asumen que los datos siguen una distribución específica y utilizan parámetros de población para realizar inferencias","Análisis de Algoritmos","Inteligencia artificial","example.com"
"Pruebas NO-Paramétricas","Son pruebas estadísticas que no hacen suposiciones sobre la distribución subyacente de los datos y se basan en el ordenamiento de los datos para realizar inferencias","Análisis de Algoritmos","Inteligencia artificial","example.com"
"Prueba de signo","Es una prueba no paramétrica que se utiliza para determinar si hay una diferencia significativa entre dos condiciones o muestras relacionadas","Análisis de Algoritmos","Inteligencia artificial","example.com"
"Prueba de Wilcoxon","Es una prueba no paramétrica que se utiliza para comparar dos muestras relacionadas y determinar si hay una diferencia significativa entre ellas","Análisis de Algoritmos","Inteligencia artificial","example.com"
"Prueba de Friedman","Es una prueba no paramétrica utilizada para comparar tres o más muestras relacionadas y determinar si hay diferencias significativas entre ellas","Análisis de Algoritmos","Inteligencia artificial","example.com"
"Agente","En el contexto de la inteligencia artificial y la computación, un agente es una entidad que puede percibir su entorno y actuar en él para lograr un objetivo o resolver un problema","Agentes Inteligentes","Inteligencia artificial","example.com"
"Agente reactivo simple","Es un tipo de agente en inteligencia artificial que toma decisiones basándose únicamente en la percepción inmediata del entorno, sin mantener una memoria o estado interno","Agentes Inteligentes","Inteligencia artificial","example.com"
"Agente inteligente","Es un tipo de agente en inteligencia artificial que utiliza su conocimiento y experiencia para tomar decisiones más informadas y alcanzar sus objetivos de manera más eficiente","Agentes Inteligentes","Inteligencia artificial","example.com"
"Búsqueda no informada","Es un tipo de búsqueda en inteligencia artificial en la que el agente explora el espacio de búsqueda sin utilizar información adicional sobre el problema más allá de la información de las acciones disponibles y el estado actual del entorno","Busqueda Informada","Inteligencia artificial","example.com"
"Búsqueda en amplitud","Es una estrategia de búsqueda utilizada en inteligencia artificial y teoría de grafos, donde se explora el grafo nivel por nivel, desde el nodo inicial, expandiendo todos los nodos vecinos antes de avanzar a los siguientes niveles","Busqueda Informada","Inteligencia artificial","example.com"
"Búsqueda en profundidad","Es una estrategia de búsqueda en inteligencia artificial y teoría de grafos, donde se explora el grafo siguiendo una rama en particular hasta que no hay más nodos por explorar, y luego retrocede y explora otra rama","Busqueda Informada","Inteligencia artificial","example.com"
"Búsqueda con información","También conocida como búsqueda informada o heurística, es una estrategia de búsqueda que utiliza información adicional sobre el problema para guiar la búsqueda hacia las soluciones más prometedoras","Busqueda Informada","Inteligencia artificial","example.com"
"Diagrama entidad relación","Es una herramienta para el modelado de datos que representa las entidades, atributos y relaciones entre entidades en una base de datos","Modelo de Datos, Bases de Datos","Bases de datos","example.com"
"Modelo relacional","Es un modelo de datos que utiliza tablas para organizar y representar datos en una base de datos, donde cada tabla representa una entidad y las relaciones entre entidades se establecen mediante claves","Modelo de Datos, Bases de Datos","Bases de datos","example.com"
"SQL","Es un lenguaje de programación utilizado para administrar y consultar bases de datos relacionales","Consultas y Operaciones, Bases de Datos","Bases de datos","example.com"
"NoSQL","Es un término que se refiere a una amplia categoría de sistemas de bases de datos que no utilizan el modelo relacional tradicional. NoSQL significa Not Only SQL y se utiliza para bases de datos que son más flexibles y escalables en comparación con las bases de datos relacionales","Consultas y Operaciones, Bases de Datos","Bases de datos","example.com"
"Diccionario de datos","Es una colección de metadatos que describe los datos y su estructura en una base de datos","Diccionario y Estructuras, Bases de Datos","Bases de datos","example.com"
"Diagrama relacional normalizado","Es un diagrama que muestra cómo se organizan las tablas en una base de datos relacional utilizando la normalización para evitar redundancia y mejorar la eficiencia y consistencia de los datos","Modelo de Datos, Bases de Datos","Bases de datos","example.com"
"Base de datos","Es un conjunto organizado de datos que se almacenan y se pueden acceder electrónicamente desde un sistema de computadora","Sistemas de Gestión de Bases de Datos, Bases de Datos","Bases de datos","example.com"
"Consultas","Son instrucciones o comandos que se utilizan para recuperar, modificar o manipular datos almacenados en una base de datos","Consultas y Operaciones, Bases de Datos","Bases de datos","example.com"
"Query","Es un término comúnmente utilizado para referirse a una consulta en bases de datos","Consultas y Operaciones, Bases de Datos","Bases de datos","example.com"
"Sistema gestor de base de datos","Es un software que permite administrar, organizar y manipular una base de datos","Sistemas de Gestión de Bases de Datos, Bases de Datos","Bases de datos","example.com"
"Requerimientos para un Sistema gestor de bases de datos","Son las especificaciones y características que un DBMS debe cumplir para satisfacer las necesidades de una aplicación o empresa","Sistemas de Gestión de Bases de Datos, Bases de Datos","Bases de datos","example.com"
"Sentencias","En el contexto de bases de datos, son instrucciones escritas en lenguajes como SQL para realizar operaciones en la base de datos","Consultas y Operaciones, Bases de Datos","Bases de datos","example.com"
"Respaldo total","Es una copia completa de toda la base de datos y sus datos, que se realiza para proteger contra pérdidas y fallos","Respaldo y Copias, Bases de Datos","Bases de datos","example.com"
"Respaldo incremental","Es una copia de seguridad que solo incluye los cambios realizados desde la última copia de seguridad, lo que la hace más rápida y eficiente que una copia de seguridad completa","Respaldo y Copias, Bases de Datos","Bases de datos","example.com"
"Respaldo diferencial","Es una copia de seguridad que incluye todos los cambios realizados desde la última copia de seguridad completa, lo que la hace más rápida que una copia de seguridad completa, pero más grande que una copia de seguridad incremental","Respaldo y Copias, Bases de Datos","Bases de datos","example.com"
"Tablas","Son estructuras de datos en una base de datos relacional que contienen datos organizados en filas y columnas","Sistemas de Gestión de Bases de Datos, Bases de Datos","Bases de datos","example.com"
"Altas","Son operaciones que se utilizan para agregar nuevos registros o filas a una tabla de base de datos","Sistemas de Gestión de Bases de Datos, Bases de Datos","Bases de datos","example.com"
"Bajas","Son operaciones que se utilizan para eliminar registros o filas existentes de una tabla de base de datos","Sistemas de Gestión de Bases de Datos, Bases de Datos","Bases de datos","example.com"
"Modificaciones","Son operaciones que se utilizan para actualizar registros existentes en una tabla de base de datos","Sistemas de Gestión de Bases de Datos, Bases de Datos","Bases de datos","example.com"
"Consultas básicas","Son consultas simples que se utilizan para recuperar datos de una base de datos sin utilizar operaciones complejas o filtros avanzados","Consultas y Operaciones, Bases de Datos","Bases de datos","example.com"
"Consultas complejas","Son consultas que involucran múltiples tablas, operaciones matemáticas, funciones agregadas o filtros avanzados para obtener información más detallada y específica de la base de datos","Consultas y Operaciones, Bases de Datos","Bases de datos","example.com"
"Consultas anidadas","Son consultas dentro de otras consultas, lo que permite realizar operaciones más sofisticadas y avanzadas en la base de datos","Consultas y Operaciones, Bases de Datos","Bases de datos","example.com"
"Vistas","Son consultas almacenadas que actúan como tablas virtuales en una base de datos. Permiten simplificar y reutilizar consultas complejas y mejorar la seguridad al controlar el acceso a ciertos datos","Consultas y Operaciones, Bases de Datos","Bases de datos","example.com"
"Disparadores","Son procedimientos almacenados que se ejecutan automáticamente en respuesta a ciertos eventos, como una inserción, actualización o eliminación de datos en una tabla","Consultas y Operaciones, Bases de Datos","Bases de datos","example.com"
"Triggers","Son procedimientos almacenados que se ejecutan automáticamente en respuesta a ciertos eventos, como una inserción, actualización o eliminación de datos en una tabla","Consultas y Operaciones, Bases de Datos","Bases de datos","example.com"
"Controlador","Es un software que permite que una aplicación se comunique con una base de datos, actuando como un intermediario entre la aplicación y el sistema gestor de base de datos","Manejo de Memoria y Almacenamiento, Bases de Datos","Bases de datos","example.com"
"Driver","Es un software que permite que una aplicación se comunique con una base de datos, actuando como un intermediario entre la aplicación y el sistema gestor de base de datos","Manejo de Memoria y Almacenamiento, Bases de Datos","Bases de datos","example.com"
"Administrador de base de datos","Es el profesional responsable de la gestión, configuración, seguridad y rendimiento de una base de datos","Sistemas de Gestión de Bases de Datos, Bases de Datos","Bases de datos","example.com"
"DBA","Es el profesional responsable de la gestión, configuración, seguridad y rendimiento de una base de datos","Sistemas de Gestión de Bases de Datos, Bases de Datos","Bases de datos","example.com"
"Diagrama entidad relacion extendido","Es una versión más avanzada del diagrama entidad-relación que incluye conceptos adicionales, como especialización, generalización, herencia y más","Modelo de Datos, Bases de Datos","Bases de datos","example.com"
"Recuperación de la base de datos","Es el proceso de restaurar una base de datos a un estado anterior después de un fallo o pérdida de datos","Mantenimiento de la base de datos, Bases de Datos","Bases de datos","example.com"
"Administración de usuarios","Es el proceso de gestionar y controlar los permisos y accesos de los usuarios a la base de datos","Mantenimiento de la base de datos, Bases de Datos","Bases de datos","example.com"
"Mantenimiento de la base de datos","Son las actividades regulares que se llevan a cabo para asegurar el correcto funcionamiento, rendimiento y seguridad de la base de datos","Mantenimiento de la base de datos, Bases de Datos","Bases de datos","example.com"
"Auditoría","Es el proceso de rastrear y registrar las actividades de los usuarios en la base de datos con fines de seguridad y cumplimiento","Seguridad y Control, Bases de Datos","Bases de datos","example.com"
"Permisos","Son derechos otorgados a los usuarios para acceder, modificar o eliminar datos específicos en una base de datos","Seguridad y Control, Bases de Datos","Bases de datos","example.com"
"Autenticación de usuarios","Es el proceso de verificar la identidad de un usuario antes de permitirle el acceso a la base de datos","Seguridad y Control, Bases de Datos","Bases de datos","example.com"
"Concurrencia","Es la capacidad de varios usuarios para acceder y modificar la base de datos al mismo tiempo","Seguridad y Control, Bases de Datos","Bases de datos","example.com"
"Transacciones","Son secuencias de operaciones que se ejecutan como una sola unidad lógica de trabajo. Se aseguran de que todas las operaciones se completen correctamente o que se deshagan en su totalidad si ocurre algún error","Seguridad y Control, Bases de Datos","Bases de datos","example.com"
"Bloqueos","Son mecanismos utilizados para controlar el acceso concurrente a los datos y evitar conflictos entre transacciones","Seguridad y Control, Bases de Datos","Bases de datos","example.com"
"Bases de datos distribuidas","Son bases de datos que se encuentran distribuidas en varios servidores o ubicaciones físicas, pero que actúan como una sola base de datos lógica","Bases de Datos Distribuidas, Bases de Datos","Bases de datos","example.com"
"Colección","Es una estructura de datos que agrupa varios elementos en un solo objeto","Estructura de Datos Básicas, Programación Orientada a Objetos","Estructura de datos","example.com"
"Contenedores de datos","Son estructuras que permiten almacenar y organizar conjuntos de datos, como listas, arreglos o diccionarios","Estructura de Datos Básicas, Programación Orientada a Objetos","Estructura de datos","example.com"
"Programación orientada a objetos","Es un paradigma de programación que utiliza clases y objetos para organizar y modular el código","Programación Orientada a Objetos","Estructura de datos","example.com"
"Clases","Son plantillas que definen la estructura y el comportamiento de los objetos en la programación orientada a objetos","Programación Orientada a Objetos","Estructura de datos","example.com"
"Objetos","Son instancias individuales de una clase, que contienen datos y comportamiento definidos por la clase","Programación Orientada a Objetos","Estructura de datos","example.com"
"Clase administradora","En el contexto de la programación orientada a objetos, una clase administradora es aquella que tiene la responsabilidad de gestionar y coordinar el comportamiento de otras clases","Programación Orientada a Objetos","Estructura de datos","example.com"
"Apuntadores","Son variables especiales en la programación que almacenan direcciones de memoria de otras variables. Permiten manipular y acceder a los datos a través de dichas direcciones","Manejo de Memoria y Almacenamiento","Estructura de datos","example.com"
"Pointers","Son variables especiales en la programación que almacenan direcciones de memoria de otras variables. Permiten manipular y acceder a los datos a través de dichas direcciones","Manejo de Memoria y Almacenamiento","Estructura de datos","example.com"
"Memoria","Es el espacio de almacenamiento donde se guardan los datos y programas en un ordenador","Manejo de Memoria y Almacenamiento","Estructura de datos","example.com"
"Campo","En el contexto de las bases de datos, un campo es una columna de una tabla que almacena un tipo específico de datos","Bases de Datos","Estructura de datos","example.com"
"Registro","En el contexto de las bases de datos, un registro es una fila de una tabla que contiene datos relacionados y correspondientes a cada campo de la tabla","Bases de Datos","Estructura de datos","example.com"
"Campos de longitud fija","Son campos de una tabla de base de datos que tienen un tamaño predefinido y constante","Bases de Datos","Estructura de datos","example.com"
"Campos de longitud variable","Son campos de una tabla de base de datos cuyo tamaño puede variar según la cantidad de datos almacenados en ellos","Bases de Datos","Estructura de datos","example.com"
"Registros de longitud fija","Son registros de una tabla de base de datos en los que cada campo tiene un tamaño constante y predefinido","Bases de Datos","Estructura de datos","example.com"
"Registros de longitud variable","Son registros de una tabla de base de datos en los que al menos un campo tiene un tamaño variable","Bases de Datos","Estructura de datos","example.com"
"Archivos de acceso secuencial","Son archivos en los que los datos se leen o escriben en orden secuencial, uno tras otro, desde el principio hasta el final del archivo","Bases de Datos","Estructura de datos","example.com"
"Archivos de acceso aleatorio","Son archivos en los que se puede acceder directamente a cualquier registro sin tener que leer los registros anteriores","Bases de Datos","Estructura de datos","example.com"
"Pila","Es una estructura de datos que sigue el principio de último en entrar, primero en salir (LIFO). Los elementos se agregan y eliminan desde el mismo extremo","Estructura de Datos Básicas","Estructura de datos","example.com"
"Stack","Es una estructura de datos que sigue el principio de último en entrar, primero en salir (LIFO). Los elementos se agregan y eliminan desde el mismo extremo","Estructura de Datos Básicas","Estructura de datos","example.com"
"Cola","Es una estructura de datos que sigue el principio de primero en entrar, primero en salir (FIFO). Los elementos se agregan al final y se eliminan desde el principio","Estructura de Datos Básicas","Estructura de datos","example.com"
"Queue","Es una estructura de datos que sigue el principio de primero en entrar, primero en salir (FIFO). Los elementos se agregan al final y se eliminan desde el principio","Estructura de Datos Básicas","Estructura de datos","example.com"
"Listas simplemente ligadas","Son estructuras de datos enlazadas donde cada elemento contiene un puntero al siguiente elemento de la lista","Estructura de Datos Básicas","Estructura de datos","example.com"
"Simply Linked lists","Son estructuras de datos enlazadas donde cada elemento contiene un puntero al siguiente elemento de la lista","Estructura de Datos Básicas","Estructura de datos","example.com"
"Arboles binarios","Son estructuras de datos jerárquicas en las que cada nodo puede tener hasta dos nodos hijos, generalmente llamados izquierdo y derecho","Grafos y Árboles","Estructura de datos","example.com"
"Indices","Son estructuras de datos utilizadas en bases de datos para mejorar la velocidad de búsqueda y recuperación de datos","Indices","Estructura de datos","example.com"
"Indexación","Es el proceso de crear y gestionar índices en una base de datos","Indices","Estructura de datos","example.com"
"Dispersión","Es una técnica utilizada para mapear datos en una tabla hash, lo que permite una búsqueda rápida de información en función de una clave","Indices","Estructura de datos","example.com"
"Serialización","Es el proceso de convertir objetos o datos en un formato que pueda ser almacenado o transmitido, generalmente en forma de secuencia de bytes","Representación de Datos, Seguridad y Control","Estructura de datos","example.com"
"Encriptación","Es el proceso de codificar datos para que solo las personas autorizadas puedan leerlos","Seguridad y Control","Estructura de datos","example.com"
"Compresión","Es el proceso de reducir el tamaño de los datos para ocupar menos espacio de almacenamiento o para facilitar la transmisión de datos","Seguridad y Control","Estructura de datos","example.com"
"Arboles binarios paginados","Son estructuras de datos que combinan las características de los árboles binarios y la paginación. Se utilizan en sistemas de bases de datos y almacenamiento para optimizar la búsqueda y recuperación de datos","Grafos y Árboles","Estructura de datos","example.com"
"Paginación","Es una técnica de gestión de memoria que divide la memoria en bloques de tamaño fijo llamados páginas. Permite el uso eficiente de la memoria y facilita la administración de la memoria virtual","Grafos y Árboles","Estructura de datos","example.com"
"Bus","En informática, el bus es un conjunto de líneas que se utilizan para transferir datos entre diferentes componentes de una computadora, como la CPU, la memoria y los dispositivos de entrada/salida","Arquitectura de Computadoras","Arquitectura de computadoras","example.com"
"Bits","Son la unidad más pequeña de información en un sistema de computación, representando un valor binario de 0 o 1","Arquitectura de Computadoras","Arquitectura de computadoras","example.com"
"Bytes","Son grupos de 8 bits y forman la base para medir la capacidad de almacenamiento de datos en un sistema de computación","Arquitectura de Computadoras","Arquitectura de computadoras","example.com"
"CISC","Es una arquitectura de CPU que permite instrucciones complejas y de longitud variable. Las CPU CISC son conocidas por su capacidad para ejecutar tareas complejas en una sola instrucción","Arquitectura de Computadoras","Arquitectura de computadoras","example.com"
"RISC","Es una arquitectura de CPU que utiliza un conjunto de instrucciones más pequeño y simple, lo que permite un rendimiento más rápido y eficiente en la mayoría de las operaciones","Arquitectura de Computadoras","Arquitectura de computadoras","example.com"
"Pipeline","Es una técnica de diseño de CPU que divide las instrucciones en varias etapas, permitiendo que múltiples instrucciones se procesen en paralelo, lo que mejora el rendimiento de la CPU","Arquitectura de Computadoras","Arquitectura de computadoras","example.com"
"Transistores","Son componentes electrónicos utilizados para amplificar y conmutar señales eléctricas. Son los bloques básicos de los circuitos electrónicos y se utilizan en la construcción de CPUs y otros componentes electrónicos.","Arquitectura de Computadoras","Arquitectura de computadoras","example.com"
"Compuerta lógica","Es un bloque de construcción fundamental de los circuitos digitales que realiza operaciones lógicas (como AND, OR, XOR, NOT) en señales binarias (0 o 1)","Arquitectura de Computadoras","Arquitectura de computadoras","example.com"
"Compuerta AND","Es una compuerta lógica que produce una salida de 1 solo cuando todas las entradas son 1","Arquitectura de Computadoras","Arquitectura de computadoras","example.com"
"Compuerta OR","Es una compuerta lógica que produce una salida de 1 cuando al menos una de las entradas es 1","Arquitectura de Computadoras","Arquitectura de computadoras","example.com"
"Compuerta XOR","Es una compuerta lógica que produce una salida de 1 cuando las entradas son diferentes (1 y 0, o 0 y 1)","Arquitectura de Computadoras","Arquitectura de computadoras","example.com"
"Compuerta NOT","Es una compuerta lógica que invierte la entrada, es decir, produce una salida de 1 cuando la entrada es 0, y viceversa","Arquitectura de Computadoras","Arquitectura de computadoras","example.com"
"Input","Es la información o datos que se envían a un sistema de computación desde dispositivos de entrada, como teclados, mouse, micrófonos, etc","Arquitectura de Computadoras","Arquitectura de computadoras","example.com"
"Output","Es la información o resultados que un sistema de computación envía a dispositivos de salida, como pantallas, impresoras, altavoces, etc","Arquitectura de Computadoras","Arquitectura de computadoras","example.com"
"Wires","Son cables utilizados para transmitir señales eléctricas o datos entre diferentes componentes de un sistema de computación o circuito electrónico","Arquitectura de Computadoras","Arquitectura de computadoras","example.com"
"Cables","Son conjuntos de wires que se agrupan y protegen para formar conexiones más organizadas y seguras en sistemas de computación y redes","Arquitectura de Computadoras","Arquitectura de computadoras","example.com"
"Complemento 1","Es una forma de representar números enteros negativos en sistemas binarios. Consiste en invertir todos los bits de un número binario para obtener su valor negativo","Arquitectura de Computadoras","Arquitectura de computadoras","example.com"
"Complemento 2","Es otra forma de representar números enteros negativos en sistemas binarios. Se obtiene sumando 1 al complemento a 1 del número","Arquitectura de Computadoras","Arquitectura de computadoras","example.com"
"Instancias","En programación y computación, una instancia se refiere a un objeto específico creado a partir de una clase en la programación orientada a objetos","Arquitectura de Computadoras","Arquitectura de computadoras","example.com"
"ALU","Es una unidad en la CPU que realiza operaciones aritméticas y lógicas en datos binarios","Arquitectura de Computadoras","Arquitectura de computadoras","example.com"
"Arithmetic Logic Unit","Es una unidad en la CPU que realiza operaciones aritméticas y lógicas en datos binarios","Arquitectura de Computadoras","Arquitectura de computadoras","example.com"
"Adder","Es un circuito digital que realiza la suma de dos números binarios","Arquitectura de Computadoras","Arquitectura de computadoras","example.com"
"Half Adder","Es un circuito combinacional que realiza la suma de dos bits binarios y produce la suma y el acarreo","Arquitectura de Computadoras","Arquitectura de computadoras","example.com"
"Full Adder","Es un circuito combinacional que realiza la suma de tres bits binarios (dos bits de entrada y un acarreo de entrada) y produce la suma y el acarreo de salida","Arquitectura de Computadoras","Arquitectura de computadoras","example.com"
"Carry Ripple Adder","Es un tipo de sumador que utiliza una cadena de sumadores de un solo bit para sumar números binarios de varios bits","Arquitectura de Computadoras","Arquitectura de computadoras","example.com"
"Carry Skip Adder","Es un tipo de sumador que utiliza compuertas lógicas para reducir la propagación de acarreos en la suma de números binarios","Arquitectura de Computadoras","Arquitectura de computadoras","example.com"
"Carry Lookahead Adder","Es un tipo de sumador que utiliza compuertas lógicas adicionales para calcular los acarreos de manera más eficiente","Arquitectura de Computadoras","Arquitectura de computadoras","example.com"
"Reloj","Es una señal periódica utilizada para sincronizar las operaciones en un sistema de computación","Arquitectura de Computadoras","Arquitectura de computadoras","example.com"
"Señal de reloj","Es la señal que se utiliza para marcar el inicio de un ciclo de reloj en un sistema de computación","Arquitectura de Computadoras","Arquitectura de computadoras","example.com"
"Clock","Es una señal periódica utilizada para sincronizar las operaciones en un sistema de computación","Arquitectura de Computadoras","Arquitectura de computadoras","example.com"
"Mux","Es un circuito digital que selecciona una de varias entradas y la enruta a una salida única basándose en señales de control","Arquitectura de Computadoras","Arquitectura de computadoras","example.com"
"Multiplexor","Es un circuito digital que selecciona una de varias entradas y la enruta a una salida única basándose en señales de control","Arquitectura de Computadoras","Arquitectura de computadoras","example.com"
"Compuerta NAND","Es una compuerta lógica que produce una salida de 0 solo cuando ambas entradas son 1; en todos los demás casos, produce una salida de 1","Arquitectura de Computadoras","Arquitectura de computadoras","example.com"
"Registros","Son componentes de almacenamiento de alta velocidad en la CPU que se utilizan para guardar datos temporales y resultados de operaciones","Arquitectura de Computadoras","Arquitectura de computadoras","example.com"
"Ram","Es una forma de memoria volátil utilizada para almacenar datos y programas en una computadora","Arquitectura de Computadoras","Arquitectura de computadoras","example.com"
"Rom","Es una forma de memoria no volátil que se utiliza para almacenar datos que no cambian, como el firmware del sistema","Arquitectura de Computadoras","Arquitectura de computadoras","example.com"
"Periodo","Es el tiempo que tarda una señal periódica, como la señal de reloj, en completar un ciclo completo","Arquitectura de Computadoras","Arquitectura de computadoras","example.com"
"Duty Cycle","Es la relación entre el tiempo en que una señal está activa (encendida) y el tiempo total de un ciclo","Arquitectura de Computadoras","Arquitectura de computadoras","example.com"
"Ciclo de reloj","Es el período de tiempo entre dos transiciones de la señal de reloj, que determina la velocidad de la CPU","Arquitectura de Computadoras","Arquitectura de computadoras","example.com"
"Microprocesador","Es una unidad central de procesamiento (CPU) contenida en un solo chip, que contiene ALU, registros y control de instrucciones","Arquitectura de Computadoras","Arquitectura de computadoras","example.com"
"Signed Byte","Es un número entero representado en formato binario con signo, utilizando el bit más significativo para indicar el signo","Arquitectura de Computadoras","Arquitectura de computadoras","example.com"
"Unsigned Byte","Es un número entero representado en formato binario sin signo, lo que significa que todos los bits se utilizan para representar el valor absoluto del número","Arquitectura de Computadoras","Arquitectura de computadoras","example.com"
"Signed Word","Es un número entero de mayor tamaño que un byte representado en formato binario con signo","Arquitectura de Computadoras","Arquitectura de computadoras","example.com"
"Unsigned Word","Es un número entero de mayor tamaño que un byte representado en formato binario sin signo","Arquitectura de Computadoras","Arquitectura de computadoras","example.com"
"Signed double word","Es un número entero de mayor tamaño que una word representado en formato binario con signo","Arquitectura de Computadoras","Arquitectura de computadoras","example.com"
"Unsigned double word","Es un número entero de mayor tamaño que una word representado en formato binario sin signo","Arquitectura de Computadoras","Arquitectura de computadoras","example.com"
"Binario","Es un sistema de numeración con base 2 que utiliza solo dos símbolos, 0 y 1, para representar números","Arquitectura de Computadoras","Arquitectura de computadoras","example.com"
"Hexadecimal","Es un sistema de numeración con base 16 que utiliza 16 símbolos (0-9 y A-F) para representar números","Arquitectura de Computadoras","Arquitectura de computadoras","example.com"
"Octal","Es un sistema de numeración con base 8 que utiliza 8 símbolos (0-7) para representar números","Arquitectura de Computadoras","Arquitectura de computadoras","example.com"
"Decimal","Es un sistema de numeración con base 10 que utiliza 10 símbolos (0-9) para representar números","Arquitectura de Computadoras","Arquitectura de computadoras","example.com"
"IEEE 32-bit floating point","Es un formato de representación de números reales de 32 bits según las normas del Instituto de Ingenieros Eléctricos y Electrónicos (IEEE)","Arquitectura de Computadoras","Arquitectura de computadoras","example.com"
"ASCII","Es un estándar que asigna códigos numéricos a caracteres alfabéticos y otros símbolos para su representación en sistemas de computación","Arquitectura de Computadoras","Arquitectura de computadoras","example.com"
"ISA","Es el conjunto de instrucciones que una arquitectura de computadora puede ejecutar","Arquitectura de Computadoras","Arquitectura de computadoras","example.com"
"Set de instrucciones","Es el conjunto completo de operaciones y comandos que una CPU puede ejecutar","Arquitectura de Computadoras","Arquitectura de computadoras","example.com"
"Modo de direccionamiento","Es la forma en que se especifican las direcciones de memoria en el código de programación","Arquitectura de Computadoras","Arquitectura de computadoras","example.com"
"Ciclo de intrucción","Es el proceso de búsqueda, decodificación y ejecución de una instrucción por parte de la CPU durante un ciclo de reloj","Arquitectura de Computadoras","Arquitectura de computadoras","example.com"
"Little endian","Es una forma de organizar los bytes en la memoria de una computadora, donde el byte menos significativo se almacena en la posición de memoria más baja","Arquitectura de Computadoras","Arquitectura de computadoras","example.com"
"Big endian","Es otra forma de organizar los bytes en la memoria de una computadora, donde el byte más significativo se almacena en la posición de memoria más baja","Arquitectura de Computadoras","Arquitectura de computadoras","example.com"
"Benchmark","Es una prueba o evaluación que se realiza para medir el rendimiento de un sistema, dispositivo o programa en comparación con otros","Arquitectura de Computadoras","Arquitectura de computadoras","example.com"
"Throughput","Es la cantidad de trabajo realizado por un sistema en un período de tiempo determinado","Arquitectura de Computadoras","Arquitectura de computadoras","example.com"
"DRAM","Es un tipo de memoria volátil utilizada en computadoras para almacenar datos y programas que necesitan un acceso rápido","Arquitectura de Computadoras","Arquitectura de computadoras","example.com"
"SRAM","Es un tipo de memoria volátil que es más rápida y consume menos energía que la DRAM, pero es más cara y tiene menor capacidad","Arquitectura de Computadoras","Arquitectura de computadoras","example.com"
"Análoga","Se refiere a las señales o datos que varían continuamente en lugar de estar representados por valores discretos","Arquitectura de Computadoras","Arquitectura de computadoras","example.com"
"Digital","Se refiere a las señales o datos que están representados por valores discretos, como 0 y 1","Arquitectura de Computadoras","Arquitectura de computadoras","example.com"
"EPROM","Es un tipo de memoria que puede ser programada y borrada electrónicamente, pero no se puede modificar mientras está en uso","Arquitectura de Computadoras","Arquitectura de computadoras","example.com"
"EEPROM","Es un tipo de memoria que se puede programar y borrar electrónicamente, y también se puede modificar mientras está en uso","Arquitectura de Computadoras","Arquitectura de computadoras","example.com"
"Flash memory","Es un tipo de memoria no volátil que se puede borrar y reprogramar electrónicamente. Se utiliza en dispositivos como unidades USB y tarjetas de memoria","Arquitectura de Computadoras","Arquitectura de computadoras","example.com"
"Bit de paridad","Es un bit adicional que se agrega a un conjunto de bits para detectar errores de transmisión","Arquitectura de Computadoras","Arquitectura de computadoras","example.com"
"Hamming Code","Es un código de corrección de errores utilizado para detectar y corregir errores en datos transmitidos","Arquitectura de Computadoras","Arquitectura de computadoras","example.com"
"SDRAM","Es una versión de DRAM que está sincronizada con la señal de reloj del sistema, lo que mejora el rendimiento","Arquitectura de Computadoras","Arquitectura de computadoras","example.com"
"RAID","Es una tecnología de almacenamiento que combina varios discos duros en una única unidad lógica para mejorar la confiabilidad y el rendimiento","Arquitectura de Computadoras","Arquitectura de computadoras","example.com"
"FPGA","Es un dispositivo de circuito integrado que se puede programar y configurar después de su fabricación","Arquitectura de Computadoras","Arquitectura de computadoras","example.com"
"PCIe","Es una interfaz de bus de computadora utilizada para conectar dispositivos periféricos a la placa base","Arquitectura de Computadoras","Arquitectura de computadoras","example.com"
"MIPS","Es una medida de la velocidad de un procesador que indica cuántas instrucciones puede ejecutar en un segundo","Arquitectura de Computadoras","Arquitectura de computadoras","example.com"
"Métodos de ordenamiento","Son algoritmos utilizados para organizar un conjunto de elementos en un orden específico","Métodos de Ordenamiento","Algoritmia","example.com"
"Bubble Sort","Es un algoritmo de ordenamiento que recorre repetidamente la lista y compara elementos adyacentes para intercambiarlos si están en el orden incorrecto","Métodos de Ordenamiento, Algoritmos de Optimización","Algoritmia","example.com"
"Shell Sort","Es un algoritmo de ordenamiento que divide la lista en subgrupos más pequeños y luego los ordena utilizando el método de inserción","Métodos de Ordenamiento, Algoritmos de Optimización","Algoritmia","example.com"
"Algoritmo","Es una secuencia de pasos o instrucciones utilizados para resolver un problema o realizar una tarea","Métodos de Ordenamiento, Algoritmos de Optimización","Algoritmia","example.com"
"Tiempo de ejecución","Es el tiempo que tarda un algoritmo o programa en ejecutarse en una computadora","Métodos de Ordenamiento, Algoritmos de Optimización","Algoritmia","example.com"
"Big O notation","Es una notación utilizada para representar la complejidad temporal de un algoritmo en términos de su crecimiento asintótico","Métodos de Ordenamiento, Algoritmos de Optimización","Algoritmia","example.com"
"Insertion sort","Es un algoritmo de ordenamiento que construye una lista ordenada, insertando elementos de la lista original en su posición adecuada","Métodos de Ordenamiento, Algoritmos de Optimización","Algoritmia","example.com"
"Selection Sort","Es un algoritmo de ordenamiento que busca el elemento más pequeño en cada pasada y lo coloca en la posición correcta","Métodos de Ordenamiento, Algoritmos de Optimización","Algoritmia","example.com"
"Quick Sort","Es un algoritmo de ordenamiento que utiliza el método de divide y conquista para ordenar una lista dividiéndola en subgrupos más pequeños y luego combinándolos","Métodos de Ordenamiento, Algoritmos de Optimización","Algoritmia","example.com"
"Merge Sort","Es un algoritmo de ordenamiento que divide la lista en dos mitades, las ordena por separado y luego las combina para obtener una lista ordenada","Métodos de Ordenamiento, Algoritmos de Optimización","Algoritmia","example.com"
"Métodos de búsqueda","Son algoritmos utilizados para encontrar un elemento específico en una lista o estructura de datos","Métodos de Búsqueda","Algoritmia","example.com"
"Secuential Search","Es un algoritmo de búsqueda que recorre la lista en orden secuencial para encontrar el elemento deseado","Métodos de Búsqueda, Algoritmos de Optimización","Algoritmia","example.com"
"Binary Search","Es un algoritmo de búsqueda que busca un elemento en una lista ordenada dividiendo repetidamente la lista por la mitad","Métodos de Búsqueda, Algoritmos de Optimización","Algoritmia","example.com"
"Algoritmos de fuerza bruta","Son algoritmos que prueban todas las posibles soluciones para un problema para encontrar la mejor","Algoritmos de Optimización","Algoritmia","example.com"
"Algoritmos vóraces","Son algoritmos que toman decisiones locales óptimas en cada paso con la esperanza de encontrar la solución global óptima","Algoritmos de Optimización","Algoritmia","example.com"
"Algoritmo de Kruskal","Es un algoritmo voraz utilizado para encontrar un árbol de recubrimiento mínimo en un grafo ponderado","Algoritmos Voraces, Grafos y Árboles","Algoritmia","example.com"
"Bosque de recubrimiento mínimo","Es un conjunto de árboles de recubrimiento mínimo en un grafo no conectado","Algoritmos Voraces, Grafos y Árboles","Algoritmia","example.com"
"Grafos conexos","Son grafos en los que hay un camino entre cada par de vértices","Grafos y Árboles","Algoritmia","example.com"
"Algoritmo de Prim","Es un algoritmo voraz utilizado para encontrar un árbol de recubrimiento mínimo en un grafo conexo y ponderado","Grafos y Árboles, Algoritmos Voraces","Algoritmia","example.com"
"Algoritmo de Dijkstra","Es un algoritmo voraz utilizado para encontrar el camino más corto desde un vértice fuente a todos los demás vértices en un grafo ponderado","Grafos y Árboles, Algoritmos de Búsqueda","Algoritmia","example.com"
"Complejidad algoritmica","Es el análisis y estudio del rendimiento de un algoritmo en términos de tiempo y espacio requeridos para ejecutarse en función del tamaño de entrada","Análisis de Algoritmos, Algoritmos de Optimización","Algoritmia","example.com"
"Software generico","Software diseñado para ser utilizado por una amplia variedad de usuarios y organizaciones sin modificaciones significativas","Ingeniería de Software","Ingeniería de software","example.com"
"Software personalizado","Software diseñado y desarrollado específicamente para satisfacer las necesidades y requerimientos de un cliente o una organización en particular","Ingeniería de Software","Ingeniería de software","example.com"
"IEEE 830","Es una norma que establece los estándares para la documentación de los requisitos del sistema","Ingeniería de Software, Documentación de Software","Ingeniería de software","example.com"
"Contrato de desarrollo","Acuerdo legal entre el desarrollador y el cliente que establece los términos y condiciones del proyecto","Ingeniería de Software, Gestión de Proyectos","Ingeniería de software","example.com"
"Prestación de servicios","Acuerdo contractual en el que el proveedor de servicios se compromete a entregar un servicio en lugar de un producto tangible","Ingeniería de Software, Gestión de Proyectos","Ingeniería de software","example.com"
"COCOMO","Es un modelo utilizado para estimar el esfuerzo y el costo del desarrollo de software","Ingeniería de Software, Estimación de Proyectos","Ingeniería de software","example.com"
"Cotización","Estimación de los costos y tiempo requeridos para el desarrollo del proyecto","Ingeniería de Software, Gestión de Proyectos","Ingeniería de software","example.com"
"Analisis costo beneficio","Evaluación de los costos y beneficios del proyecto para determinar su viabilidad y rentabilidad","Ingeniería de Software, Gestión de Proyectos","Ingeniería de software","example.com"
"Metodología Ágil","Enfoque de desarrollo de software que prioriza la colaboración, la adaptabilidad y la entrega incremental","Ingeniería de Software, Metodologías de Desarrollo","Ingeniería de software","example.com"
"Agile","Término general para referirse a las metodologías ágiles de desarrollo de software","Ingeniería de Software, Metodologías de Desarrollo","Ingeniería de software","example.com"
"SCRUM","Marco de trabajo ágil que se enfoca en la entrega iterativa e incremental del software","Ingeniería de Software, Metodologías de Desarrollo","Ingeniería de software","example.com"
"Gestión de proyecto","Planificación, organización y control de los recursos para lograr los objetivos del proyecto","Gestión de Proyectos","Ingeniería de software","example.com"
"Herramientas para gestión de proyectos","Software utilizado para facilitar la gestión de proyectos, como Trello, Jira o Microsoft Project","Gestión de Proyectos","Ingeniería de software","example.com"
"Manual de usuario","Documento que proporciona instrucciones detalladas sobre cómo utilizar el software","Documentación de Software","Ingeniería de software","example.com"
"Manual técnico","Documento que contiene información técnica sobre el diseño y funcionamiento del software","Documentación de Software","Ingeniería de software","example.com"
"Tarjetas CRC","Técnica utilizada en el desarrollo ágil para identificar las clases, sus responsabilidades y colaboraciones en el sistema","Ingeniería de Software, Análisis y Diseño","Ingeniería de software","example.com"
"Casos de prueba","Escenarios utilizados para probar y verificar el funcionamiento del software","Pruebas de Software","Ingeniería de software","example.com"
"Diagrama de despliegue ","Representación gráfica de la configuración del hardware y software en un entorno de despliegue","Ingeniería de Software, Diseño de Software","Ingeniería de software","example.com"
"Diagrama de componentes","Representación gráfica de las relaciones entre los componentes de un sistema de software","Ingeniería de Software, Diseño de Software","Ingeniería de software","example.com"
"Diagrama de clases","Representación gráfica de las clases y sus relaciones en un sistema de software","Ingeniería de Software, Diseño de Software","Ingeniería de software","example.com"
"Diagrama de estados","Representación gráfica del comportamiento de un objeto o entidad en diferentes estados y transiciones","Ingeniería de Software, Diseño de Software","Ingeniería de software","example.com"
"Diagrama de colaboración","Representación gráfica de las interacciones entre los objetos en un escenario particular","Ingeniería de Software, Diseño de Software","Ingeniería de software","example.com"
"Requerimientos funcionales","Especificaciones de las funcionalidades y capacidades que el sistema debe cumplir","Ingeniería de Software, Especificación de Requerimientos","Ingeniería de software","example.com"
"Requerimientos no funcionales","Especificaciones de características no relacionadas directamente con la funcionalidad del sistema, como la seguridad, rendimiento y usabilidad","Ingeniería de Software, Especificación de Requerimientos","Ingeniería de software","example.com"
"Diagrama de casos de uso","Representación gráfica de las interacciones entre actores y el sistema para cumplir un objetivo específico","Ingeniería de Software, Diseño de Software","Ingeniería de software","example.com"
"Requerimientos de software","Descripción detallada de lo que el software debe hacer","Ingeniería de Software, Especificación de Requerimientos","Ingeniería de software","example.com"
"Plan de proyecto","Documento que define el cronograma, recursos y tareas necesarias para el desarrollo del proyecto","Gestión de Proyectos","Ingeniería de software","example.com"
"Lenguaje formal","Lenguaje que sigue reglas y estructuras específicas para expresar conceptos y procesos","Teoría de la Computación","Teoría de la computación","example.com"
"Grámatica formal","Conjunto de reglas que definen la estructura de un lenguaje formal","Teoría de la Computación","Teoría de la computación","example.com"
"Jerarquía de Chomsky","Clasificación de los lenguajes formales en cuatro niveles, desde los más simples hasta los más complejos","Teoría de la Computación","Teoría de la computación","example.com"
"Gramática libre de contexto","Tipo de gramática que utiliza reglas de producción para formar frases a partir de símbolos no terminales","Teoría de la Computación","Teoría de la computación","example.com"
"Expresiones regulares","Patrones de búsqueda utilizados para encontrar y manipular cadenas de texto","Teoría de la Computación","Teoría de la computación","example.com"
"Regex","Patrones de búsqueda utilizados para encontrar y manipular cadenas de texto","Teoría de la Computación","Teoría de la computación","example.com"
"Autómatas finitos","Modelo matemático utilizado para representar sistemas de cómputo","Teoría de la Computación","Teoría de la computación","example.com"
"Autómatas deterministas","Tipo de autómata finito que tiene una transición única para cada par estado-símbolo","Teoría de la Computación","Teoría de la computación","example.com"
"Autómatas no deterministas","Tipo de autómata finito que tiene múltiples transiciones para cada par estado-símbolo","Teoría de la Computación","Teoría de la computación","example.com"
"Autómata de pila","Tipo de autómata finito que utiliza una pila para el procesamiento de información","Teoría de la Computación","Teoría de la computación","example.com"
"Máquina de Turing","Modelo matemático de una máquina hipotética que puede realizar cualquier cálculo computacional","Teoría de la Computación","Teoría de la computación","example.com"
"Transformación","Proceso de cambiar o convertir datos o información en otro formato","Transformaciones Geométricas","Simulación por computadora","example.com"
"Rotación","Acción de girar o mover un objeto o componente en el espacio","Transformaciones Geométricas","Simulación por computadora","example.com"
"Reducción","Proceso de simplificar o transformar un problema en otro de manera más manejable y resoluble","Transformaciones Geométricas","Simulación por computadora","example.com"
"Ampliación","Proceso de aumentar el tamaño de una imagen o elemento gráfico sin perder calidad","Transformaciones Geométricas","Simulación por computadora","example.com"
"Reflexión","Transformación que invierte una imagen o figura a lo largo de un eje","Transformaciones Geométricas","Simulación por computadora","example.com"
"Traslación","Movimiento de una imagen o figura en el plano sin cambiar su forma","Transformaciones Geométricas","Simulación por computadora","example.com"
"Observador","Persona o entidad que supervisa o controla un sistema o proceso","Transformaciones Geométricas, Representación de Datos","Simulación por computadora","example.com"
"Plano","Superficie bidimensional en el espacio en la que se representan objetos o figuras","Transformaciones Geométricas, Representación de Datos","Simulación por computadora","example.com"
"Negativo","Imagen fotográfica o gráfica en la que los colores o tonos se invierten","Operaciones en Imágenes","Simulación por computadora","example.com"
"Escala de grises","Representación de una imagen utilizando solo tonos de gris, sin colores","Operaciones en Imágenes","Simulación por computadora","example.com"
"Threshold","Umbral que separa valores o intensidades en una imagen en blanco y negro","Operaciones en Imágenes","Simulación por computadora","example.com"
"Binary Threshold","Umbral que convierte una imagen en una versión binaria (blanco y negro)","Operaciones en Imágenes","Simulación por computadora","example.com"
"Inverted Threshold","Umbral inverso que invierte los colores en una imagen binaria","Operaciones en Imágenes","Simulación por computadora","example.com"
"Grayscale Threshold","Umbral utilizado para convertir una imagen en escala de grises en una imagen binaria","Operaciones en Imágenes","Simulación por computadora","example.com"
"Transformación de normalización","Proceso de ajustar los valores de una imagen para que se encuentren dentro de un rango específico","Transformaciones Geométricas, Representación de Datos","Simulación por computadora","example.com"
"Proyección","Representación de una imagen en un plano o superficie","Transformaciones Geométricas","Simulación por computadora","example.com"
"Proyección paralela","Proyección en la que las líneas paralelas en el espacio se mantienen paralelas en la proyección","Transformaciones Geométricas","Simulación por computadora","example.com"
"Seguridad de la información","Protección de datos e información para prevenir accesos no autorizados o pérdidas","Seguridad y Control","Seguridad","example.com"
"Protección física","Medidas de seguridad para proteger el acceso físico a los sistemas y datos","Protección y Seguridad Física","Seguridad","example.com"
"Protección lógica","Medidas de seguridad para proteger el acceso y la integridad de los datos de manera electrónica o lógica","Protección y Seguridad Lógica","Seguridad","example.com"
"Almacenamiento","Proceso de guardar y conservar datos y archivos de forma persistente","Memoria y Almacenamiento","Seguridad","example.com"
"Sistemas de respaldo","Copias de seguridad que se crean para preservar los datos en caso de pérdida o daño","Respaldo y Copias","Seguridad","example.com"
"Sistemas de recuperación","Procesos y procedimientos para restaurar datos y sistemas después de una pérdida o falla","Respaldo y Copias","Seguridad","example.com"
"Centros de procesamiento de datos","Instalaciones especializadas para alojar y gestionar servidores y equipos informáticos","Arquitectura de Computadoras, Sistemas de Gestión de Bases de Datos","Seguridad","example.com"
"Comunicación de daots","Transferencia y transmisión de información entre sistemas y dispositivos","Seguridad y Confidencialidad","Seguridad","example.com"
"Implicaciones legales en la seguridad de la información","Consideraciones legales y reglamentarias relacionadas con la protección y manejo de datos","Seguridad y Control, Gestión de Riesgos y Seguridad","Seguridad","example.com"
"Identificación de riesgos","Proceso de identificar posibles amenazas y vulnerabilidades en un sistema o proyecto","Gestión de Riesgos y Seguridad","Seguridad","example.com"
"Administración de riesgos","Proceso de evaluar, mitigar y gestionar los riesgos identificados","Gestión de Riesgos y Seguridad","Seguridad","example.com"
"Cloud computing","Modelo de entrega de servicios informáticos a través de internet","Tecnologías y Tendencias de Seguridad, Internet de las Cosas","Seguridad","example.com"
"BigData","Conjunto de datos extremadamente grandes que requieren tecnologías y técnicas especiales para su procesamiento y análisis","Tecnologías y Tendencias de Seguridad","Seguridad","example.com"
"Internet de las cosas","Concepto que se refiere a la interconexión de dispositivos y objetos cotidianos a internet","Tecnologías y Tendencias de Seguridad","Seguridad","example.com"
"Capacidad de proceso","Capacidad de un sistema para realizar operaciones y cálculos","Capacidad y Límites","Computación tolerante a fallas","example.com"
"Especificación de operación","Documento que describe cómo debe funcionar un sistema o componente","Funcionalidad y Rendimiento","Computación tolerante a fallas","example.com"
"Límites de operación","Rangos dentro de los cuales un sistema o dispositivo puede funcionar de manera segura y eficiente","Capacidad y Límites","Computación tolerante a fallas","example.com"
"Capacidades en el desarollo","Habilidades y recursos disponibles para llevar a cabo un proyecto de desarrollo de software","Capacidad y Límites","Computación tolerante a fallas","example.com"
"Fiabilidad","Capacidad de un sistema o componente para funcionar correctamente y de manera consistente","Fiabilidad y Tolerancia a Fallos","Computación tolerante a fallas","example.com"
"Causas hipotéticas","Suposiciones o escenarios imaginados para evaluar los posibles efectos de un evento o situación","Fiabilidad y Tolerancia a Fallos","Computación tolerante a fallas","example.com"
"Errores","Equivocaciones o defectos que afectan el funcionamiento de un sistema o software","Fiabilidad y Tolerancia a Fallos","Computación tolerante a fallas","example.com"
"Fallas","Situaciones en las que un sistema o componente deja de funcionar adecuadamente","Fiabilidad y Tolerancia a Fallos","Computación tolerante a fallas","example.com"
"Disponibilidad","Tiempo durante el cual un sistema o servicio está en funcionamiento y accesible para los usuarios","Fiabilidad y Tolerancia a Fallos","Computación tolerante a fallas","example.com"
"Seguridad","Protección contra riesgos y amenazas para garantizar la integridad y confidencialidad de los datos y sistemas","Seguridad y Control","Computación tolerante a fallas","example.com"
"Confidencialidad","Garantía de que la información solo es accesible por las personas o entidades autorizadas","Seguridad y Confidencialidad","Computación tolerante a fallas","example.com"
"Integridad","Asegurar que los datos o información se mantienen precisos, completos y no han sido alterados de manera no autorizada","Seguridad y Confidencialidad","Computación tolerante a fallas","example.com"
"Mantenibilidad","Capacidad de un sistema para ser mantenido, reparado o actualizado de manera efectiva y eficiente","Mantenibilidad y Operatividad","Computación tolerante a fallas","example.com"
"Prevención de fallas","Medidas y técnicas implementadas para evitar que ocurran fallas o errores en un sistema","Fiabilidad y Tolerancia a Fallos","Computación tolerante a fallas","example.com"
"Tolerancia de fallos","Capacidad de un sistema para continuar funcionando correctamente, a pesar de la presencia de fallas o errores","Fiabilidad y Tolerancia a Fallos","Computación tolerante a fallas","example.com"
"Eliminación de fallos","Proceso de corregir o resolver las fallas que han ocurrido en un sistema","Fiabilidad y Tolerancia a Fallos","Computación tolerante a fallas","example.com"
"Pronostico de fallos","redicción o estimación de posibles fallos en un sistema o componente","Fiabilidad y Tolerancia a Fallos","Computación tolerante a fallas","example.com"
"Ruido","Señales aleatorias o interferencias que pueden afectar la calidad de una señal o información transmitida","Ruido y Estocasticidad","Computación tolerante a fallas","example.com"
"Sistema estocástico","Sistema o proceso que tiene un componente de aleatoriedad o incertidumbre","Ruido y Estocasticidad","Computación tolerante a fallas","example.com"
"Ruido blanco","Tipo de ruido que tiene una densidad espectral constante en todas las frecuencias","Ruido y Estocasticidad","Computación tolerante a fallas","example.com"
"Armónica","Componente de una señal cuya frecuencia es un múltiplo entero de la frecuencia fundamental","Ruido y Estocasticidad","Computación tolerante a fallas","example.com"
"Interarmónica","Componente de una señal cuya frecuencia no es un múltiplo entero de la frecuencia fundamental, sino que se encuentra entre los armónicos","Ruido y Estocasticidad","Computación tolerante a fallas","example.com"
"Corte intermitente","Interrupción intermitente o discontinua de la señal o el flujo de datos en un sistema","Ruido y Estocasticidad","Computación tolerante a fallas","example.com"
"Zucaritas","Aqui comemos zucaritas los basados","comida","gastronomia","https://www.youtube.com/watch?v=VVF0zxw4tuM"
